"1","cernym0","Martin","Černý","679ea39e4d0980a5bf670eae556a2253","cernym0@telekom.ad12.cz","6"
"5","nemcol0","Libuše","Němcová","b49f73766569403c7a562ece6613169b","nemcol0@uit.ad12.cz","1"
"6","cernym2","Milan","Černý","59dd415789c0f5b9f2a82083dfc118cf","cernym2@infrast.ad12.cz","2"
"7","dvoram0","Marcela","Dvořáková","d7fee59c28fcb24749998b4700390003","dvoram0@logsys.ad12.cz","5"
"13","cernym3","Michal","Černý","bf977226584ec6a216a0e7b6314e56e2","cernym3@uit.ad12.cz","1"
"15","kopecd0","Dana","Kopecká","d74ee314329dc5be7171b2535b69cbfb","kopecd0@sez.ad12.cz","3"
"16","blazki0","Ivana","Blažková","d1dbb3c6f4b4fcb3cfeecfeab6649866","","6"
"18","novotm0","Marcela","Novotná","8f71e5a47c615fc43ac2181bdf39dfde","novotm0@uit.ad12.cz","1"
"21","svoboe0","Eva","Svobodová","bd454ceb07bd2174f910c91a72b37b87","svoboe0@uit.ad12.cz","1"
"22","cernyj1","Josef","Černý","bd9f0bfe65ca8d77828a1fd170ba1866","cernyj1@sez.ad12.cz","3"
"24","cernyj2","Jan","Černý","4aa63e8bef00b5f2ad47953fdbdece1b","cernyj2@infrast.ad12.cz","2"
"25","bartoj0","Josef","Bartoš","48440b728f26d8ebeb0a8f77bef4d425","","6"
"29","horakj0","Jiří","Horák","2533f72b26aa8ab29ac316b6be95028e","horakj0@uit.ad12.cz","1"
"31","kraloh0","Hana","Králová","b812a88071fedebfa6f7c3ae6ad02c67","kraloh0@uit.ad12.cz","1"
"32","svobob0","Barbora","Svobodová","604192a610090f1006c99defbe3e8c91","svobob0@sez.ad12.cz","3"
"34","pospij0","Jiří","Pospíšil","f7ed575f1b79b8af076462178653f1bf","pospij0@uit.ad12.cz","1"
"36","cermap0","Petr","Čermák","9d42e8b0da1826b18a0f3bdd450670a6","cermap0@telekom.ad12.cz","6"
"39","svoboh0","Hana","Svobodová","c11d1b01a8c2f50fca049b52b4b0f96d","svoboh0@telekom.ad12.cz","6"
"41","kovarg0","Gabriela","Kovářová","e3fc3fa7a2f4847dab3bbd33e351afc9","kovarg0@infrast.ad12.cz","2"
"42","kratoj0","Josef","Kratochvíl","eb426bba26e786b3c1b070a8a56c8194","kratoj0@uit.ad12.cz","1"
"43","novakp1","Pavlína","Nováková","6159015bb828b3956e0a4f0a47c8ad98","novakp1@sez.ad12.cz","3"
"44","novotl0","Ladislav","Novotný","3e9add85cea46ca696de84055bbc0b07","novotl0@telekom.ad12.cz","6"
"45","urbanj0","Jiří","Urban","ba22a2897dd9107bb613e2699fff22d6","","2"
"46","prochm1","Marie","Procházková","bb6776c389416c76d0b14576a442c72e","prochm1@uit.ad12.cz","1"
"47","jelinj0","Jana","Jelínková","bc4b19d6145da0e713fd81c6ebb3f13c","jelinj0@infrast.ad12.cz","2"
"51","vlcekv0","Vladimír","Vlček","abff263611ba312b42fd5e31d8c73f2b","vlcekv0@logsys.ad12.cz","5"
"52","navram0","Marie","Navrátilová","10840f7825d9a8b79445e6daa971dfca","","5"
"57","svoboj0","Jana","Svobodová","6ff891245c80473f66b83222ec3b51af","svoboj0@uit.ad12.cz","1"
"59","kralj0","Jan","Král","a1f15ec1ddd600fe75d3a01fb708cb10","kralj0@infrast.ad12.cz","2"
"60","sedlao0","Olga","Sedláčková","c5b722976942aa6d2e487fc9f45f16fe","sedlao0@sez.ad12.cz","3"
"62","fialoj1","Jana","Fialová","c00f44511c368e2bb6be30d3f4e3c482","fialoj1@logsys.ad12.cz","5"
"63","dvorap0","Pavlína","Dvořáková","d2dc031fd45ffeda546262574f23284e","","5"
"65","svobom0","Marie","Svobodová","f5637f955de4243b7c28a0e8e7782ae8","svobom0@telekom.ad12.cz","6"
"66","pospiz0","Zuzana","Pospíšilová","9e2425bcf4f5e44ebbfe63e03d35df49","","5"
"67","fialom0","Marie","Fialová","ee0d9f6b1610e7eb061bef6696b588a6","","1"
"68","svobos0","Stanislav","Svoboda","3abeb0e8e0184b361085bed24f79964b","svobos0@sez.ad12.cz","3"
"69","horakj1","Jaroslav","Horák","8cdd833841cb344f66e0a1eec5fe9cfb","horakj1@telekom.ad12.cz","6"
"71","cernyj3","Jiří","Černý","eed3fbada9804cd98ba624e35b271eeb","cernyj3@uit.ad12.cz","1"
"73","urbanj1","Jiří","Urban","81438508ddecd9d0d7ceaa95fce5c1d1","urbanj1@telekom.ad12.cz","6"
"74","kratog0","Gabriela","Kratochvílová","884b053357fe5d8a7f29d51a9aed2482","","2"
"75","urbane0","Eva","Urbanová","894c19187f4f5fa98fd223c667b4c940","urbane0@logsys.ad12.cz","5"
"79","prochv1","Vladimír","Procházka","15ea590c0ade6d9e20b794bb47b92168","prochv1@telekom.ad12.cz","6"
"80","markoj1","Jitka","Marková","d30ac36631da6595d0a3d16a305009a7","markoj1@telekom.ad12.cz","6"
"82","svobok0","Kateřina","Svobodová","973e8552504ebee6c3ec4502f0a5fbeb","svobok0@uit.ad12.cz","1"
"83","novotj0","Jaroslava","Novotná","7ff38cb00b689c6d962ffcd630bbb78a","novotj0@logsys.ad12.cz","5"
"86","novakm0","Miroslav","Novák","78bdad4f2f9c219711982470ed432df7","novakm0@telekom.ad12.cz","6"
"87","novakm1","Milan","Novák","37795238820d4f7b1ff29759e728e944","novakm1@infrast.ad12.cz","2"
"88","pospim0","Miroslav","Pospíšil","8ec12e7ced3bc5db750b55215d865d04","","1"
"90","novakm2","Milan","Novák","73629a4bc7115a9f7df72b448c4f21cc","novakm2@telekom.ad12.cz","6"
"91","zemanf0","František","Zeman","a04a62c6577c53ed6ec717b845284152","zemanf0@infrast.ad12.cz","2"
"92","kovarm0","Miroslava","Kovářová","0f09828ce5939c680d26a3c650afe100","","1"
"96","markol0","Lenka","Marková","46bdba42fe6d972652107431b4646565","markol0@infrast.ad12.cz","2"
"98","kralv0","Václav","Král","86b3328f2bb733a35018116ae423cb9a","kralv0@uit.ad12.cz","1"
"99","hajekv0","Vladimír","Hájek","83719c6c8444e9c12db51e63fe541c23","hajekv0@sez.ad12.cz","3"
"100","kucerj0","Josef","Kučera","5ba72dd2dd867843320dfc3fc6dad6b1","kucerj0@infrast.ad12.cz","2"
"101","pospih0","Hana","Pospíšilová","a559ea5ed9ce7cd65ce42c67603d5da0","","4"
"103","prochj1","Josef","Procházka","dbcc067fc8014ff3233dae39c6b4d826","prochj1@logsys.ad12.cz","5"
"104","proche0","Eva","Procházková","29a7325a5d7157a54f0fcccc76211fda","","6"
"106","kolarj0","Jana","Kolářová","4712e7f84b69e17f39897673fdb393ee","","6"
"108","nemecm0","Milan","Němec","b07d817b022abab31cd27ac68cf33c79","nemecm0@uit.ad12.cz","1"
"111","dolezf0","František","Doležal","0db4fd340efa62f46665f47d08ff8355","dolezf0@telekom.ad12.cz","6"
"113","fialod0","Dagmar","Fialová","4c81b1447ed868ddac2500e06d7ea92b","fialod0@infrast.ad12.cz","2"
"114","horakh0","Hana","Horáková","dc571cd2dfa15c815614e5d7f051affd","horakh0@sez.ad12.cz","3"
"116","veselp1","Pavlína","Veselá","c25b7826b3049a22a35f92b70208f133","veselp1@sez.ad12.cz","3"
"118","kolarm0","Markéta","Kolářová","70759eaea597cee2bba198c89547e6b6","kolarm0@merici.ad12.cz","4"
"120","horakr0","Renata","Horáková","58733d28c98e4507da1f625be2b4fd60","horakr0@infrast.ad12.cz","2"
"122","marekj0","Josef","Marek","73497490e4eb36ca7d05943a141960dd","","1"
"123","pokorf0","František","Pokorný","63590b1ad6c041b64155ded6d63cf45f","","1"
"124","pospip1","Petr","Pospíšil","817d228310c9c608d7f62f00ccc1d4a6","","3"
"126","kratov0","Vladimír","Kratochvíl","5b5677c114348b36fb91edf1b11db930","kratov0@infrast.ad12.cz","2"
"127","svobop1","Pavla","Svobodová","819cae923a19a06c1d8fc2c833526513","svobop1@uit.ad12.cz","1"
"131","svobom2","Michal","Svoboda","2cc540d3914a39b713b02bd09e25a095","svobom2@sez.ad12.cz","3"
"132","prochr0","Radek","Procházka","b453d9ea7a8f46cbc36711414c411da6","prochr0@telekom.ad12.cz","6"
"135","cernal0","Lenka","Černá","277bedc434a83c528128be16a1db3e14","cernal0@merici.ad12.cz","4"
"140","novakh0","Hana","Nováková","47f3bcf164233b3f8ea67d0eca316831","novakh0@uit.ad12.cz","1"
"141","simekm0","Martin","Šimek","e8f9e28b6d4db8054bddaf505d065722","simekm0@uit.ad12.cz","1"
"145","hajkol0","Ludmila","Hájková","8f9705d189d86c9689450c1b92d90ede","hajkol0@infrast.ad12.cz","2"
"146","pospiz1","Zdeněk","Pospíšil","764ff48d88a7bb84bfdcadea45fea061","pospiz1@telekom.ad12.cz","6"
"148","sedlaf0","František","Sedláček","ee3d0c4cc583b58b4dd5004be9418406","sedlaf0@telekom.ad12.cz","6"
"149","nemcoe0","Eva","Němcová","443713291bad8d2842e2da095bbef671","nemcoe0@uit.ad12.cz","1"
"151","horaka0","Aleš","Horák","addca7c3b940dbf40cd255592abacc95","horaka0@uit.ad12.cz","1"
"153","vlckom0","Marie","Vlčková","9ae7fb63d7e305fe9b9637633f4d3f90","vlckom0@telekom.ad12.cz","6"
"155","simekp0","Petr","Šimek","5fadda577aab54aae9a29bbbaa401a54","simekp0@uit.ad12.cz","1"
"158","simkov0","Vlasta","Šimková","7ecc1606a14991eea91300699681c3b7","simkov0@logsys.ad12.cz","5"
"159","ruzicl0","Lenka","Růžičková","6f105f3292057f75c9a748bfe8613d8b","","6"
"162","cernai0","Iveta","Černá","3b59490d39c4d7ebece52832a32d9896","cernai0@uit.ad12.cz","1"
"164","zemanp0","Petr","Zeman","5c48d02ff85f8bb030a248e522c3948a","zemanp0@infrast.ad12.cz","2"
"165","fialar0","Roman","Fiala","8ee4bb4824016e45e350e5d816c6335c","fialar0@sez.ad12.cz","3"
"166","dvoram1","Marie","Dvořáková","03c276b0365b1651e39b0c745f55552d","dvoram1@sez.ad12.cz","3"
"170","markoe0","Eva","Marková","6d2fe0e47a100b5c9ae28da0eb31ee75","markoe0@logsys.ad12.cz","5"
"171","ruzicm1","Miroslav","Růžička","dcca7e0b0ee74c2b6f81b95afcd1df8d","ruzicm1@uit.ad12.cz","1"
"173","novotz0","Zdeněk","Novotný","6260e9be273f10be2a259c3753809416","novotz0@uit.ad12.cz","1"
"176","kolarz0","Zdeněk","Kolář","1acc368d57a7ab9ae694ee2e37e16751","","6"
"177","dvoraj0","Jana","Dvořáková","f254a96631f8cd62b44b6f8c39df3b92","","3"
"178","cernyl0","Ladislav","Černý","a88ba5aa4319fd83c464ba0698039545","cernyl0@uit.ad12.cz","1"
"180","svoboj2","Jiří","Svoboda","67515aca0b644eb68d3e23c24dfbffac","svoboj2@sez.ad12.cz","3"
"184","prochj2","Jana","Procházková","31b0c9f33855500f4b25b871debf3a0f","prochj2@telekom.ad12.cz","6"
"188","fialom1","Michaela","Fialová","24601d94bc356d6a0b6c0e97025fd1c7","fialom1@uit.ad12.cz","1"
"191","novoti0","Ivana","Novotná","8d2ce209043591748b87b0075c38fbfa","novoti0@sez.ad12.cz","3"
"194","horakm2","Marta","Horáková","bca4a8ae3634e85ad5896a8516c53c78","horakm2@uit.ad12.cz","1"
"195","novota0","Andrea","Novotná","01c3d97603b7abd90bb52ff378d3fb8d","","2"
"197","jelinr0","Roman","Jelínek","0e2011521cbf4850dfcd2a30e84a3ee7","jelinr0@sez.ad12.cz","3"
"199","kovarp0","Petr","Kovář","361155b3867b807b3e631af1f8f87685","kovarp0@uit.ad12.cz","1"
"202","kralj1","Jiří","Král","1105c2dbf15beccd63d350e9d26719a3","kralj1@uit.ad12.cz","1"
"203","dvoram2","Michal","Dvořák","5ee102a5f48461bff41e9e3cdcc90923","","3"
"205","benesm2","Marcela","Benešová","18711773ab3f1826cda1ae3ec65ac63b","benesm2@infrast.ad12.cz","2"
"207","navrak0","Kateřina","Navrátilová","6ec3f70726b3e811a373e0439bfacbfd","navrak0@infrast.ad12.cz","2"
"208","zemanm0","Miroslava","Zemanová","fb2dce3608c2f3771167892288280dc0","zemanm0@telekom.ad12.cz","6"
"211","kolarr0","Růžena","Kolářová","7209dfc201228273170cf09ed9f09225","kolarr0@uit.ad12.cz","1"
"217","cernav0","Věra","Černá","35aa96229ae566beada27eb74de8d422","cernav0@uit.ad12.cz","1"
"218","marekp0","Pavel","Marek","af98865f50d0f8c6647aca9a238e97bf","marekp0@infrast.ad12.cz","2"
"223","horakj4","Jan","Horák","15d3f89b7fd19f6c8b19d7ea4f2973a2","horakj4@sez.ad12.cz","3"
"224","novakj3","Josef","Novák","346560b7ee1138e4fb285bd3e27763bb","","3"
"227","horakm3","Martina","Horáková","e5b78b397267cf9b27da5703804ed9b0","","6"
"228","nemcod0","Dana","Němcová","a9b259acf9dbc616afd944664fe33ce5","nemcod0@merici.ad12.cz","4"
"239","kolarp0","Pavel","Kolář","999687a78bb1f5f54a5ba43c36949f8e","kolarp0@uit.ad12.cz","1"
"244","cermaz0","Zdeněk","Čermák","cc9fa533baa6ff1db7317fae6a7f23b3","cermaz0@infrast.ad12.cz","2"
"246","pokora0","Andrea","Pokorná","0c5770c5a6a466257c93ea3969487c46","pokora0@merici.ad12.cz","4"
"248","kovarj0","Jana","Kovářová","2b0ce86e969783676f68ad0249ea14b1","","2"
"250","kucerm0","Michal","Kučera","24822d4dde0f7b4825bd2d725c31d1ec","kucerm0@logsys.ad12.cz","5"
"252","kucerh0","Hana","Kučerová","f179ed25b36284d580e009d3fd10139e","kucerh0@infrast.ad12.cz","2"
"253","jelinr1","Roman","Jelínek","b270c8629b240e189bd90ad74bed3525","","1"
"254","nemecp0","Petr","Němec","7b3ec50129f4df094db17002331a1941","nemecp0@infrast.ad12.cz","2"
"259","kopecm1","Martin","Kopecký","25feba9fd220460e0d8bec52521267f8","kopecm1@infrast.ad12.cz","2"
"262","novakj4","Jan","Novák","392d0bfd8c5273f04182018588042934","novakj4@infrast.ad12.cz","2"
"263","krizol0","Lenka","Křížová","0463949ccf75a1626106b0bdd530153d","krizol0@sez.ad12.cz","3"
"266","novakm3","Martin","Novák","021945b65bbdcf995186ef34dcb42e09","novakm3@sez.ad12.cz","3"
"267","cernyp1","Petr","Černý","5867fc9763004f931827860ae8639412","cernyp1@sez.ad12.cz","3"
"270","fialol1","Lucie","Fialová","03f4d6a7ac341d566b7af2adb6882691","fialol1@merici.ad12.cz","4"
"273","svoboa0","Andrea","Svobodová","1a9a86dcdeb2a4eeadb3c6f0598adfef","svoboa0@sez.ad12.cz","3"
"274","svoboh1","Hana","Svobodová","a3c4bc89449523d589e21380f9f9d0c6","","5"
"276","novakm4","Miroslav","Novák","c3ec968699050906ed82ee7d91247f41","novakm4@sez.ad12.cz","3"
"277","novakj5","Jana","Nováková","87036f216e891919fa2343822409cd62","novakj5@sez.ad12.cz","3"
"279","prochj3","Jan","Procházka","c9bca3cbb320ee0cd6b1df944a5a352f","prochj3@infrast.ad12.cz","2"
"280","urbanm0","Michal","Urban","cabab96e96da99f7123bb220a0320ccc","urbanm0@infrast.ad12.cz","2"
"282","kucerm1","Marie","Kučerová","4cf0053368605b2176cbba128115c5d4","kucerm1@infrast.ad12.cz","2"
"283","dvorai2","Ivana","Dvořáková","d86298afa7b8524d0c00a8a00e87323e","dvorai2@infrast.ad12.cz","2"
"287","novotm2","Marie","Novotná","38d083098d6c7eaf5e4130a3472a250c","","4"
"288","marekm0","Milan","Marek","39ae3e60d50465a92e5772ff75da9edb","marekm0@logsys.ad12.cz","5"
"289","veselm1","Miroslav","Veselý","ab6812a12140a33459e78b61f7cdef16","veselm1@uit.ad12.cz","1"
"290","polakm0","Marie","Poláková","748fb0251069dd9556ecfe1f0a39e972","polakm0@logsys.ad12.cz","5"
"292","kopecd1","Dagmar","Kopecká","607063ab84df24baeb12d26db92aae86","kopecd1@uit.ad12.cz","1"
"293","novakj6","Jan","Novák","1581534de2552cc177e9511abec8739b","novakj6@infrast.ad12.cz","2"
"294","krizov0","Věra","Křížová","0971a922d7e4bd5e99b69e34e1d5a95d","krizov0@logsys.ad12.cz","5"
"295","polakb0","Božena","Poláková","1eb41183b93bfc1cfd500ae3ef004c76","polakb0@telekom.ad12.cz","6"
"298","svoboe1","Eva","Svobodová","67f1c14e07d8e36521a401f8f475c255","svoboe1@sez.ad12.cz","3"
"300","kralj2","Josef","Král","39522abf6ec7ac1c3b245d674cd6f0ac","kralj2@infrast.ad12.cz","2"
"304","horakm4","Marta","Horáková","6a368a15f80792c160020abaa6330a8a","horakm4@logsys.ad12.cz","5"
"305","fialom2","Marie","Fialová","5c2e4c9cf4d7ed60414e3881eb69e793","fialom2@telekom.ad12.cz","6"
"308","prochz1","Zuzana","Procházková","3c917335f5aa9d040f633b8c52512d3f","prochz1@infrast.ad12.cz","2"
"310","svobop2","Petr","Svoboda","243a8129d17be9e0cb05fac7a8628ad7","","2"
"315","urbanj4","Josef","Urban","a806e6a45625c142ea432cf04a30a566","urbanj4@merici.ad12.cz","4"
"317","prochj5","Jaroslav","Procházka","db91ec52bfa56fe877025131ac2cda81","prochj5@sez.ad12.cz","3"
"318","cernyj4","Jiří","Černý","d9f8dfa32344ee3c9f227dc27baad019","","4"
"322","blazem1","Martin","Blažek","e9222b5ba152529b35081faa692bfe1b","blazem1@sez.ad12.cz","3"
"324","nemecj2","Jaroslav","Němec","1478c06c6e9c18f184b9409231567f08","nemecj2@uit.ad12.cz","1"
"325","svoboj3","Jana","Svobodová","f5b8b796afc75cb7725c1f3778d45fbe","svoboj3@logsys.ad12.cz","5"
"326","ruzick0","Kateřina","Růžičková","eb6fc90b71cecf8f4134b40ffd5001c2","","6"
"329","cernyp2","Pavel","Černý","7cd1275580fffa0f0339fdb91c3bbdc4","cernyp2@infrast.ad12.cz","2"
"330","svobom3","Marie","Svobodová","e09c1504bd8d6a3cddd1f50357ea26b8","svobom3@infrast.ad12.cz","2"
"331","zemanr0","Renata","Zemanová","fa8d069b718f98ddacdca73c82615347","zemanr0@logsys.ad12.cz","5"
"335","cernyj5","Jan","Černý","fdd4320309e7a60bfea4938930b5d992","","4"
"336","vaňkoe0","Eva","Vaňková","95a21a5b2841067eb9c7e98e9bae9cce","","4"
"342","novotj4","Jiří","Novotný","ac1f7ac247ca3be6e6ca950e99a890f6","novotj4@merici.ad12.cz","4"
"346","dvoraz0","Zdeňka","Dvořáková","3f227408b6631370772c9dbf2b759ae1","dvoraz0@logsys.ad12.cz","5"
"347","kratoz0","Zdeněk","Kratochvíl","f89c02437abc5a5ee175c8150105f6e6","kratoz0@telekom.ad12.cz","6"
"349","blazkk1","Kateřina","Blažková","f3b10491f265a26d2595feb3f04a84c4","blazkk1@telekom.ad12.cz","6"
"351","novakm6","Marie","Nováková","d22ebeb3b1d32d50d872effec97be46e","novakm6@infrast.ad12.cz","2"
"353","svobop4","Petra","Svobodová","71e84ced794c1ff19547e66027fb34c1","svobop4@uit.ad12.cz","1"
"354","sedlaj0","Jiří","Sedláček","5e81324931f66b2771aabb8d9d5d0dd5","sedlaj0@telekom.ad12.cz","6"
"355","fialam0","Michal","Fiala","771ed68bcc02c768ea0230dab47c9c61","","5"
"356","pokorj3","Jaroslav","Pokorný","c536425d2362511589d9e988a92c1718","pokorj3@infrast.ad12.cz","2"
"357","pospii0","Ivana","Pospíšilová","c1fbad38884b36d94bb7cae79d4e6b0f","pospii0@uit.ad12.cz","1"
"358","benesm3","Marie","Benešová","0cf5fe54ba2bde8e5c0184af8e2e642b","benesm3@merici.ad12.cz","4"
"360","svoboj4","Jaroslav","Svoboda","0c025b7b344ec0bdbe4c08dd5a734369","svoboj4@telekom.ad12.cz","6"
"362","cernyj6","Jaromír","Černý","b2dcde3e3f6c60d854a85ed8e81b7d9d","cernyj6@telekom.ad12.cz","6"
"363","horakz1","Zdeněk","Horák","991567273cbcb156f7c27d88cc9e2836","horakz1@telekom.ad12.cz","6"
"366","dvoras0","Stanislav","Dvořák","d1d88e832b9fd441d8687714c93244b6","dvoras0@telekom.ad12.cz","6"
"369","cermae0","Eva","Čermáková","2284a0c22edfbb4e442a50db09ea1453","cermae0@telekom.ad12.cz","6"
"373","novaki0","Ivana","Nováková","474abf1337647566946c47bb096dbe13","novaki0@merici.ad12.cz","4"
"374","bartoz0","Zdeněk","Bartoš","159d585d76c742bd3d3dfd237823b1c2","","1"
"375","kopecj0","Jan","Kopecký","f950819344ae8984fc5bc19912cd12f8","kopecj0@telekom.ad12.cz","6"
"378","prochv2","Věra","Procházková","e9c55f44b24ea0de807ed12336edcf67","prochv2@logsys.ad12.cz","5"
"384","horakj8","Jiří","Horák","50cd25fc07cb9a04d1c37105e763b89c","horakj8@uit.ad12.cz","1"
"386","kovarm3","Marie","Kovářová","e29f91f7180e87ba7085c7c60359eee9","kovarm3@uit.ad12.cz","1"
"389","kolarj1","Jana","Kolářová","cdbe185618a43a97eb9762d7ed5ec4aa","kolarj1@uit.ad12.cz","1"
"390","vaňkoo0","Olga","Vaňková","6bda7a9577858596ba7899e992de0881","vaňkoo0@uit.ad12.cz","1"
"391","navraj2","Josef","Navrátil","7e3aa9ba9a58772c5d8a64834ae9e85d","navraj2@infrast.ad12.cz","2"
"395","benesj0","Jitka","Benešová","adce7754496d9322e426ee05c839afc8","benesj0@telekom.ad12.cz","6"
"396","krizoa0","Alena","Křížová","b6e42e4a03dd779dee417773b55014df","krizoa0@uit.ad12.cz","1"
"397","kovarr0","Radek","Kovář","8aae734631735f7cde6bf7bc0b475b16","kovarr0@uit.ad12.cz","1"
"398","urbanm1","Michal","Urban","176a877376fc98fbeebf57889bc06d56","urbanm1@infrast.ad12.cz","2"
"400","novakm8","Markéta","Nováková","08f6fa1cea9a899e6d6af47fe26571da","novakm8@sez.ad12.cz","3"
"401","dvoraj2","Jiří","Dvořák","353df5216611b8684d16d0bbe4b76f28","dvoraj2@sez.ad12.cz","3"
"403","pospij2","Jiří","Pospíšil","20c1ab4b374a43bcf49f05fb56dbe698","","1"
"404","sedlar0","Radek","Sedláček","b5da08030f21b52fcfa0553e11b2707c","sedlar0@merici.ad12.cz","4"
"406","novakj9","Jiří","Novák","874dd6f7696d6add68e5b2c5a932d1dd","novakj9@logsys.ad12.cz","5"
"408","cermai0","Iveta","Čermáková","932002867799112640d0b010e9ff1a79","cermai0@uit.ad12.cz","1"
"411","simekd0","David","Šimek","a2973c96e2f19b8423074c9ee1674854","simekd0@sez.ad12.cz","3"
"412","krizm1","Martin","Kříž","69f9b922b2e4ee70cbb6919e870953cc","krizm1@logsys.ad12.cz","5"
"415","pospip2","Petr","Pospíšil","8ad7344348b688915380244fcbb86894","","6"
"419","sedlap0","Pavel","Sedláček","8a3e47fe966e2c97af8d8f77045c0bfe","","6"
"422","sedlaj1","Josef","Sedláček","16a1d00860c46c7e5f6a3cd19a2b7a09","sedlaj1@merici.ad12.cz","4"
"427","hajekm0","Martin","Hájek","fd18cf32319a9def7da2c32127341b67","hajekm0@uit.ad12.cz","1"
"428","horakr1","Renata","Horáková","eb417814de0cac469926fe14d0afba04","horakr1@merici.ad12.cz","4"
"429","dvorae0","Eva","Dvořáková","c673c4941d3b5fe9354a89bfc8c49e71","dvorae0@infrast.ad12.cz","2"
"430","veselz0","Zdeněk","Veselý","8a180d963529e5b1759d40716c3dc999","","1"
"431","prochm8","Marie","Procházková","7650167a8a2fb07951ec664d4d84fba2","prochm8@infrast.ad12.cz","2"
"432","marekj3","Jiří","Marek","f2d8d906b0042f2bcd995f962b5823cf","marekj3@infrast.ad12.cz","2"
"435","dvoraj3","Jana","Dvořáková","3a1355ca0e9fbdb695fa489a9e46c845","dvoraj3@uit.ad12.cz","1"
"436","benesd0","David","Beneš","6c58f5239c37d1cdd924efcb4153db09","benesd0@uit.ad12.cz","1"
"437","urbanj5","Jaroslav","Urban","a670e0cb1319257851a05a3f6a92d5b0","","2"
"441","procha1","Aleš","Procházka","58e832a2f395e0003aa5f9f709835d44","procha1@sez.ad12.cz","3"
"442","novakj10","Jaroslav","Novák","8a487db3fb69f82d6c4d01df5f0f8e6d","novakj10@uit.ad12.cz","1"
"443","kucerh1","Helena","Kučerová","a95a09bb968a2b0b8ad29c607416f71a","kucerh1@telekom.ad12.cz","6"
"445","hajkop0","Petra","Hájková","d4a1fa4daacd034327122149c3976a55","hajkop0@telekom.ad12.cz","6"
"446","novakm9","Markéta","Nováková","28f92a0fd594e25c7bf43b37f3547fc3","novakm9@merici.ad12.cz","4"
"447","novotj5","Jan","Novotný","6132fe93fc69a30489b59795048e99d3","novotj5@sez.ad12.cz","3"
"449","novakp3","Pavel","Novák","26813937213cfd52485a6027d40c5454","novakp3@infrast.ad12.cz","2"
"450","cernym5","Michal","Černý","0ebdffc2bf185350805b50234c3c87a3","cernym5@uit.ad12.cz","1"
"452","novaki1","Ivan","Novák","0358113447e29ab428018060567b64c9","novaki1@uit.ad12.cz","1"
"454","dolezl1","Lucie","Doležalová","6b8612fc93a8209853d9a70cb65b0c0c","dolezl1@uit.ad12.cz","1"
"455","urband0","Dana","Urbanová","9e70810c7467c31f92456df480380073","urband0@telekom.ad12.cz","6"
"456","ruzicz0","Zdeněk","Růžička","318655f293d4985eea64dc4b60a31cdb","ruzicz0@merici.ad12.cz","4"
"457","kolarm1","Martin","Kolář","446dd8f2f5c4c9eb61ce07dc27ff767d","kolarm1@sez.ad12.cz","3"
"461","kralom0","Marcela","Králová","7148a14ab456816e6492c2c61e6428a8","kralom0@infrast.ad12.cz","2"
"462","pokorm3","Miroslava","Pokorná","454a1919793bc8ad829803902fb444d4","pokorm3@sez.ad12.cz","3"
"464","jelinr2","Renata","Jelínková","c7d3510904ba631b99c05770bc7636a1","jelinr2@uit.ad12.cz","1"
"467","dvoraj4","Jan","Dvořák","532cb7d1d0493ecbd7ea84b7e127cc88","","2"
"468","cernyz0","Zdeněk","Černý","a4c699da363a1ddad7c00eb70dc2c82c","cernyz0@logsys.ad12.cz","5"
"469","kucerb0","Barbora","Kučerová","722fcfd8456ec2a3ecc572a49a3ae2db","kucerb0@infrast.ad12.cz","2"
"470","svobov2","Václav","Svoboda","36cbec9cd76321271ab53ebb7d9b3f09","svobov2@infrast.ad12.cz","2"
"471","kopech0","Helena","Kopecká","3306a2ef9751b472274d8e3df2384843","kopech0@telekom.ad12.cz","6"
"472","marekf0","František","Marek","4523f13ead26e22307d78d75f3521ce7","marekf0@merici.ad12.cz","4"
"473","vanekp0","Pavel","Vaněk","7610fc05150dbdb5cafd08b46ed19ec3","vanekp0@uit.ad12.cz","1"
"474","zemanj1","Jaroslav","Zeman","369014857f449e9263bdc1a644af1cf7","","2"
"477","cernyj7","Jan","Černý","303e3e9abb900cde8260881e7d16285e","cernyj7@uit.ad12.cz","1"
"479","pospip3","Pavla","Pospíšilová","b43e15ddda7ce47f145d45f76b1923b0","","4"
"481","kopecm2","Martin","Kopecký","4536d984d6d50f6fa5edddd23ba20597","kopecm2@sez.ad12.cz","3"
"484","pospiz3","Zdeněk","Pospíšil","50eb6ea6114b25ab8b30159b23468b35","pospiz3@merici.ad12.cz","4"
"486","simekj0","Jan","Šimek","39d09b2fd3afb347581c1e987d00ec44","","3"
"487","kralok0","Kateřina","Králová","c3e3a183009f821b0d1e38cfaaf78152","kralok0@infrast.ad12.cz","2"
"488","dolezj1","Jana","Doležalová","05e7c63c9a1e97779d21639e0995a041","dolezj1@infrast.ad12.cz","2"
"490","marekj5","Josef","Marek","fb6d1978f712c4fc7e74b134ec9a2c20","marekj5@uit.ad12.cz","1"
"491","pospie0","Eva","Pospíšilová","d7a5974e3cfdb34910de60f6368e8239","pospie0@telekom.ad12.cz","6"
"492","pospim3","Marie","Pospíšilová","35866214487838bf6e5080ca132c9e33","pospim3@infrast.ad12.cz","2"
"493","kralv2","Václav","Král","cc3a050b1f95b993ff1fa7ea158f6053","kralv2@logsys.ad12.cz","5"
"495","veselp2","Pavel","Veselý","bc99cde839755ec30c0ce352cda3c5f3","veselp2@logsys.ad12.cz","5"
"496","novakj11","Jiří","Novák","37fbc96cae2ea1787f0cdf22f9872486","novakj11@uit.ad12.cz","1"
"499","cernaj0","Jitka","Černá","12f947ee96b949115e0d41ed257ebad3","cernaj0@telekom.ad12.cz","6"
"500","kucerm2","Michaela","Kučerová","019118e0c42dd529a2089a2d5e178833","kucerm2@sez.ad12.cz","3"
"501","pospib0","Barbora","Pospíšilová","14a1294fc8e032c7cd4706b966d1dc1a","pospib0@uit.ad12.cz","1"
"502","svoboj5","Jana","Svobodová","8cd98b0fca689149706885641a48b175","svoboj5@infrast.ad12.cz","2"
"503","kratov1","Věra","Kratochvílová","af53f280e39914769e16e56f420be706","kratov1@uit.ad12.cz","1"
"506","vaňkoj1","Jana","Vaňková","07c65a149b2110f1a76e80d4fe60d553","vaňkoj1@infrast.ad12.cz","2"
"507","marekm1","Michal","Marek","b4e1b306eacf075a9854f2bb640923b4","marekm1@merici.ad12.cz","4"
"509","kovara0","Antonín","Kovář","42fec3fad43e87474fd1f90cdfcb8e63","kovara0@logsys.ad12.cz","5"
"510","vesele0","Eva","Veselá","b6d5a8f159c1a7f406ffe9a48d43247c","","3"
"511","nemecj4","Jaroslav","Němec","ff42813b0e17e66e2291ab297df97f7d","nemecj4@telekom.ad12.cz","6"
"519","novakj12","Jiří","Novák","75d4396f64086257f1ca8a1d929b3bc5","novakj12@uit.ad12.cz","1"
"521","kovarj1","Josef","Kovář","086e5a4d2b2f021d07abeed1275a7351","kovarj1@infrast.ad12.cz","2"
"522","horakm5","Martin","Horák","90b84915e8cf396d32a741b8a8737473","horakm5@merici.ad12.cz","4"
"525","svobom4","Martin","Svoboda","c98053b10efc2c2157bb54c204ed9d98","svobom4@uit.ad12.cz","1"
"528","cernaj1","Jana","Černá","6c9dd7ea7b7daddce47c8f0bb5401bfa","cernaj1@infrast.ad12.cz","2"
"529","dvoram5","Martin","Dvořák","0d7db74f714f793ee12bd5cfc7b1740d","","3"
"530","marekv2","Václav","Marek","058042b0c5f1f84a761d772b461f7375","marekv2@uit.ad12.cz","1"
"533","dvoraj6","Jana","Dvořáková","0220614dfc191e67351f3478efcceb37","dvoraj6@infrast.ad12.cz","2"
"535","svobov3","Václav","Svoboda","c539feda37cb619201a878c8ab516280","","6"
"537","veselj3","Jaroslav","Veselý","f9596a18a65bfc44e1f2f8f4cf5fe7fe","veselj3@logsys.ad12.cz","5"
"538","novoth0","Helena","Novotná","ea988c96253b65c6abdae5191e3ac3fd","novoth0@merici.ad12.cz","4"
"540","cernyj8","Jan","Černý","4662c6c47a8196eb46438cc1a91cc175","cernyj8@uit.ad12.cz","1"
"541","svobom5","Michal","Svoboda","38d46e9cbf9db6bea32347a7791410b0","svobom5@sez.ad12.cz","3"
"545","novakf0","František","Novák","f29ba4ba9e32ca16ae7b795817c6f380","novakf0@sez.ad12.cz","3"
"546","simekp2","Petr","Šimek","8c23d980ad9e6c75d056532998ba33b6","simekp2@uit.ad12.cz","1"
"549","novakl1","Lucie","Nováková","58b55adaae56b1c382a55c4ec05f6212","novakl1@telekom.ad12.cz","6"
"551","nemecr0","Roman","Němec","f301196ee5c031f650e61a63fd601726","nemecr0@uit.ad12.cz","1"
"553","navram1","Milan","Navrátil","3cc9b176a038cd856d7a32ce891f3a9b","navram1@uit.ad12.cz","1"
"554","dolezi0","Ivana","Doležalová","24e2a3341224be5dbd525c085f4ec540","dolezi0@telekom.ad12.cz","6"
"556","pospim6","Marie","Pospíšilová","630f90edeae0567b7615c1ac3a797562","pospim6@uit.ad12.cz","1"
"557","novakp4","Pavel","Novák","bf31bf28b6ae05d36cc10e629dc0f44b","novakp4@sez.ad12.cz","3"
"559","svoboa1","Antonín","Svoboda","363c284b531ef5d758b463a592f05269","svoboa1@uit.ad12.cz","1"
"560","cernyv1","Václav","Černý","2ac71731ae5ab2c3eb4179ee35576080","cernyv1@telekom.ad12.cz","6"
"561","kucerf0","František","Kučera","8a151e02fa39695121d11b3ed425fad7","kucerf0@infrast.ad12.cz","2"
"564","dvoraj7","Jana","Dvořáková","7f7ab6cdd470da2ac5d3ac5fee239151","dvoraj7@sez.ad12.cz","3"
"565","ruzicp0","Petra","Růžičková","056d2a92014e54c18c81ea093f9fe469","ruzicp0@uit.ad12.cz","1"
"566","nemcol1","Lenka","Němcová","af9af31a4fcc66b89d396d2782d8033c","nemcol1@uit.ad12.cz","1"
"572","marekj6","Jiří","Marek","ae8aa1bc7529cc202d53c2997a46aae5","marekj6@uit.ad12.cz","1"
"575","pospim7","Michal","Pospíšil","db2215525e9232299063ed2c6f6d8a88","","2"
